idno;cntry;health;agea;c_gdppc_2021;gndr
27369;BE;1;24;51165,510222267;1
16689;BE;1;32;51165,510222267;1
16321;BE;1;38;51165,510222267;1
15169;BE;1;54;51165,510222267;1
14036;BE;1;61;51165,510222267;1
12341;BE;1;70;51165,510222267;1
26772;BE;1;75;51165,510222267;1
14380;BE;1;77;51165,510222267;1
14314;BE;2;18;51165,510222267;1
18687;BE;2;40;51165,510222267;1
18184;BE;2;44;51165,510222267;1
24553;BE;2;57;51165,510222267;1
10112;BE;2;64;51165,510222267;1
12362;BE;2;64;51165,510222267;1
26795;BE;2;71;51165,510222267;1
24567;BE;2;75;51165,510222267;1
18837;BE;2;79;51165,510222267;1
12546;BE;3;35;51165,510222267;1
24387;BE;3;73;51165,510222267;1
23387;BE;3;83;51165,510222267;1
16548;BE;1;24;51165,510222267;2
17877;BE;1;28;51165,510222267;2
19051;BE;1;54;51165,510222267;2
21152;BE;1;66;51165,510222267;2
18257;BE;2;22;51165,510222267;2
18852;BE;2;30;51165,510222267;2
21095;BE;2;32;51165,510222267;2
27303;BE;2;32;51165,510222267;2
19618;BE;2;34;51165,510222267;2
10398;BE;2;35;51165,510222267;2
24487;BE;2;35;51165,510222267;2
21333;BE;2;36;51165,510222267;2
25355;BE;2;49;51165,510222267;2
27367;BE;2;49;51165,510222267;2
15914;BE;2;54;51165,510222267;2
20274;BE;2;65;51165,510222267;2
14546;BE;2;78;51165,510222267;2
14148;BE;3;23;51165,510222267;2
23373;BE;3;29;51165,510222267;2
23943;BE;3;38;51165,510222267;2
15633;BE;3;72;51165,510222267;2
24138;BE;3;74;51165,510222267;2
18089;BE;5;81;51165,510222267;2
19285;BG;1;17;12207,2577149813;1
19984;BG;1;28;12207,2577149813;1
16931;BG;1;32;12207,2577149813;1
22375;BG;1;32;12207,2577149813;1
25687;BG;1;36;12207,2577149813;1
10601;BG;1;40;12207,2577149813;1
25765;BG;1;56;12207,2577149813;1
13632;BG;1;57;12207,2577149813;1
14267;BG;2;21;12207,2577149813;1
16579;BG;2;26;12207,2577149813;1
13272;BG;2;31;12207,2577149813;1
22432;BG;2;35;12207,2577149813;1
25744;BG;2;37;12207,2577149813;1
23085;BG;2;40;12207,2577149813;1
25782;BG;2;41;12207,2577149813;1
26588;BG;2;43;12207,2577149813;1
10187;BG;2;44;12207,2577149813;1
22637;BG;2;49;12207,2577149813;1
25033;BG;2;52;12207,2577149813;1
12939;BG;2;56;12207,2577149813;1
13950;BG;2;56;12207,2577149813;1
15946;BG;2;61;12207,2577149813;1
11928;BG;2;65;12207,2577149813;1
16488;BG;2;66;12207,2577149813;1
15612;BG;2;67;12207,2577149813;1
12517;BG;2;73;12207,2577149813;1
19252;BG;2;76;12207,2577149813;1
26174;BG;3;36;12207,2577149813;1
25214;BG;3;40;12207,2577149813;1
12846;BG;3;54;12207,2577149813;1
26837;BG;3;56;12207,2577149813;1
11611;BG;3;57;12207,2577149813;1
20691;BG;3;70;12207,2577149813;1
23303;BG;3;72;12207,2577149813;1
16236;BG;3;77;12207,2577149813;1
19340;BG;3;81;12207,2577149813;1
17105;BG;4;50;12207,2577149813;1
16030;BG;4;69;12207,2577149813;1
10638;BG;4;71;12207,2577149813;1
16925;BG;4;71;12207,2577149813;1
14518;BG;4;75;12207,2577149813;1
16100;BG;1;16;12207,2577149813;2
25822;BG;1;21;12207,2577149813;2
22346;BG;1;25;12207,2577149813;2
11818;BG;1;33;12207,2577149813;2
18844;BG;1;35;12207,2577149813;2
26112;BG;1;37;12207,2577149813;2
15857;BG;1;40;12207,2577149813;2
18704;BG;1;40;12207,2577149813;2
19719;BG;1;42;12207,2577149813;2
17729;BG;1;44;12207,2577149813;2
24833;BG;1;46;12207,2577149813;2
27472;BG;1;49;12207,2577149813;2
16493;BG;2;37;12207,2577149813;2
25476;BG;2;38;12207,2577149813;2
25085;BG;2;39;12207,2577149813;2
12078;BG;2;40;12207,2577149813;2
18897;BG;2;42;12207,2577149813;2
26248;BG;2;42;12207,2577149813;2
21350;BG;2;45;12207,2577149813;2
17981;BG;2;46;12207,2577149813;2
21406;BG;2;46;12207,2577149813;2
12194;BG;2;47;12207,2577149813;2
18026;BG;2;48;12207,2577149813;2
21369;BG;2;52;12207,2577149813;2
26934;BG;2;52;12207,2577149813;2
26599;BG;2;62;12207,2577149813;2
10490;BG;2;70;12207,2577149813;2
16458;BG;2;70;12207,2577149813;2
20333;BG;2;83;12207,2577149813;2
17638;BG;3;27;12207,2577149813;2
18292;BG;3;48;12207,2577149813;2
15834;BG;3;53;12207,2577149813;2
19261;BG;3;58;12207,2577149813;2
21226;BG;3;59;12207,2577149813;2
25058;BG;3;61;12207,2577149813;2
22839;BG;3;63;12207,2577149813;2
26346;BG;3;63;12207,2577149813;2
11230;BG;3;66;12207,2577149813;2
16015;BG;3;66;12207,2577149813;2
16844;BG;3;66;12207,2577149813;2
26330;BG;3;72;12207,2577149813;2
11629;BG;3;73;12207,2577149813;2
10542;BG;3;80;12207,2577149813;2
13408;BG;3;80;12207,2577149813;2
26275;BG;3;80;12207,2577149813;2
17090;BG;3;81;12207,2577149813;2
14083;BG;4;57;12207,2577149813;2
11323;BG;4;66;12207,2577149813;2
14627;BG;4;84;12207,2577149813;2
11542;BG;5;69;12207,2577149813;2
18718;CH;1;16;93525,3661913239;1
13849;CH;1;21;93525,3661913239;1
16011;CH;1;42;93525,3661913239;1
11944;CH;1;53;93525,3661913239;1
15055;CH;1;55;93525,3661913239;1
19463;CH;1;56;93525,3661913239;1
20549;CH;1;59;93525,3661913239;1
26613;CH;1;60;93525,3661913239;1
22432;CH;1;63;93525,3661913239;1
11671;CH;1;64;93525,3661913239;1
25147;CH;1;68;93525,3661913239;1
25495;CH;2;38;93525,3661913239;1
25155;CH;2;39;93525,3661913239;1
26402;CH;2;39;93525,3661913239;1
25583;CH;2;48;93525,3661913239;1
12850;CH;2;51;93525,3661913239;1
18717;CH;2;52;93525,3661913239;1
21991;CH;2;60;93525,3661913239;1
22346;CH;3;24;93525,3661913239;1
12824;CH;3;52;93525,3661913239;1
16152;CH;3;59;93525,3661913239;1
18381;CH;4;86;93525,3661913239;1
18973;CH;1;28;93525,3661913239;2
27841;CH;1;37;93525,3661913239;2
17796;CH;1;43;93525,3661913239;2
25470;CH;1;43;93525,3661913239;2
21688;CH;1;47;93525,3661913239;2
25838;CH;1;51;93525,3661913239;2
23943;CH;1;57;93525,3661913239;2
19423;CH;1;65;93525,3661913239;2
24239;CH;1;73;93525,3661913239;2
16747;CH;2;18;93525,3661913239;2
15733;CH;2;24;93525,3661913239;2
26572;CH;2;26;93525,3661913239;2
22555;CH;2;33;93525,3661913239;2
20484;CH;2;40;93525,3661913239;2
22096;CH;2;42;93525,3661913239;2
24447;CH;2;46;93525,3661913239;2
23997;CH;2;48;93525,3661913239;2
27543;CH;2;51;93525,3661913239;2
22969;CH;2;54;93525,3661913239;2
10460;CH;2;56;93525,3661913239;2
12355;CH;2;56;93525,3661913239;2
19996;CH;2;63;93525,3661913239;2
13187;CH;3;43;93525,3661913239;2
25308;CH;3;44;93525,3661913239;2
13005;CH;3;46;93525,3661913239;2
20171;CH;3;62;93525,3661913239;2
22844;CH;4;44;93525,3661913239;2
19233;CH;4;49;93525,3661913239;2
16100;CZ;1;17;26808,5398580416;1
16738;CZ;1;20;26808,5398580416;1
24774;CZ;1;20;26808,5398580416;1
26655;CZ;1;23;26808,5398580416;1
23127;CZ;1;25;26808,5398580416;1
14872;CZ;1;27;26808,5398580416;1
13884;CZ;1;36;26808,5398580416;1
16196;CZ;1;36;26808,5398580416;1
14191;CZ;1;39;26808,5398580416;1
27030;CZ;1;41;26808,5398580416;1
12546;CZ;1;43;26808,5398580416;1
14627;CZ;1;45;26808,5398580416;1
11065;CZ;1;58;26808,5398580416;1
12280;CZ;1;64;26808,5398580416;1
13629;CZ;2;21;26808,5398580416;1
20686;CZ;2;21;26808,5398580416;1
15455;CZ;2;33;26808,5398580416;1
20247;CZ;2;36;26808,5398580416;1
23640;CZ;2;39;26808,5398580416;1
13318;CZ;2;40;26808,5398580416;1
27277;CZ;2;41;26808,5398580416;1
21150;CZ;2;45;26808,5398580416;1
21540;CZ;2;46;26808,5398580416;1
24168;CZ;2;53;26808,5398580416;1
15888;CZ;2;54;26808,5398580416;1
10629;CZ;2;61;26808,5398580416;1
16131;CZ;2;62;26808,5398580416;1
11458;CZ;2;65;26808,5398580416;1
21748;CZ;2;66;26808,5398580416;1
11328;CZ;2;69;26808,5398580416;1
19289;CZ;2;77;26808,5398580416;1
13619;CZ;3;18;26808,5398580416;1
17640;CZ;3;34;26808,5398580416;1
19464;CZ;3;53;26808,5398580416;1
22097;CZ;3;53;26808,5398580416;1
26225;CZ;3;59;26808,5398580416;1
27880;CZ;3;59;26808,5398580416;1
22425;CZ;3;65;26808,5398580416;1
15063;CZ;3;75;26808,5398580416;1
19969;CZ;3;75;26808,5398580416;1
10457;CZ;3;77;26808,5398580416;1
16960;CZ;3;81;26808,5398580416;1
26460;CZ;3;81;26808,5398580416;1
11982;CZ;4;35;26808,5398580416;1
22937;CZ;4;70;26808,5398580416;1
21479;CZ;4;71;26808,5398580416;1
10644;CZ;5;54;26808,5398580416;1
14272;CZ;1;18;26808,5398580416;2
20697;CZ;1;21;26808,5398580416;2
24698;CZ;1;28;26808,5398580416;2
12262;CZ;1;35;26808,5398580416;2
20691;CZ;1;45;26808,5398580416;2
12556;CZ;1;46;26808,5398580416;2
20340;CZ;1;47;26808,5398580416;2
17914;CZ;1;61;26808,5398580416;2
23814;CZ;2;22;26808,5398580416;2
21756;CZ;2;24;26808,5398580416;2
16747;CZ;2;28;26808,5398580416;2
12078;CZ;2;36;26808,5398580416;2
18863;CZ;2;40;26808,5398580416;2
18371;CZ;2;41;26808,5398580416;2
19650;CZ;2;41;26808,5398580416;2
20383;CZ;2;42;26808,5398580416;2
11694;CZ;2;45;26808,5398580416;2
19676;CZ;2;45;26808,5398580416;2
27362;CZ;2;46;26808,5398580416;2
17452;CZ;2;49;26808,5398580416;2
27331;CZ;2;58;26808,5398580416;2
19770;CZ;2;60;26808,5398580416;2
24895;CZ;2;65;26808,5398580416;2
27419;CZ;2;67;26808,5398580416;2
22315;CZ;2;68;26808,5398580416;2
10626;CZ;2;74;26808,5398580416;2
24967;CZ;2;75;26808,5398580416;2
16097;CZ;2;84;26808,5398580416;2
18368;CZ;3;16;26808,5398580416;2
19403;CZ;3;25;26808,5398580416;2
10648;CZ;3;43;26808,5398580416;2
22069;CZ;3;48;26808,5398580416;2
17270;CZ;3;49;26808,5398580416;2
19851;CZ;3;49;26808,5398580416;2
20549;CZ;3;51;26808,5398580416;2
25184;CZ;3;52;26808,5398580416;2
16391;CZ;3;56;26808,5398580416;2
17877;CZ;3;66;26808,5398580416;2
18424;CZ;3;68;26808,5398580416;2
27814;CZ;3;75;26808,5398580416;2
10838;CZ;3;76;26808,5398580416;2
11049;CZ;3;76;26808,5398580416;2
22844;CZ;3;78;26808,5398580416;2
13698;CZ;3;79;26808,5398580416;2
21619;CZ;3;79;26808,5398580416;2
15262;CZ;3;80;26808,5398580416;2
19235;CZ;4;75;26808,5398580416;2
23368;CZ;4;81;26808,5398580416;2
14034;EE;1;17;27990,6210290954;1
11149;EE;1;28;27990,6210290954;1
10659;EE;1;29;27990,6210290954;1
24294;EE;1;30;27990,6210290954;1
17827;EE;2;21;27990,6210290954;1
13499;EE;2;28;27990,6210290954;1
13984;EE;2;30;27990,6210290954;1
24555;EE;2;30;27990,6210290954;1
23603;EE;2;31;27990,6210290954;1
26421;EE;2;34;27990,6210290954;1
19628;EE;2;36;27990,6210290954;1
21188;EE;2;36;27990,6210290954;1
12282;EE;2;66;27990,6210290954;1
13859;EE;3;29;27990,6210290954;1
21887;EE;3;35;27990,6210290954;1
25870;EE;3;54;27990,6210290954;1
17267;EE;3;58;27990,6210290954;1
16121;EE;3;70;27990,6210290954;1
22874;EE;3;74;27990,6210290954;1
26514;EE;3;82;27990,6210290954;1
15912;EE;4;60;27990,6210290954;1
15325;EE;4;61;27990,6210290954;1
15631;EE;4;69;27990,6210290954;1
24313;EE;4;84;27990,6210290954;1
20189;EE;1;20;27990,6210290954;2
19055;EE;1;29;27990,6210290954;2
11516;EE;1;43;27990,6210290954;2
26368;EE;1;56;27990,6210290954;2
17824;EE;1;60;27990,6210290954;2
26310;EE;2;17;27990,6210290954;2
18088;EE;2;28;27990,6210290954;2
15480;EE;2;31;27990,6210290954;2
23533;EE;2;34;27990,6210290954;2
22550;EE;2;36;27990,6210290954;2
16044;EE;2;39;27990,6210290954;2
10503;EE;2;42;27990,6210290954;2
20740;EE;2;42;27990,6210290954;2
27433;EE;2;42;27990,6210290954;2
11815;EE;2;45;27990,6210290954;2
15394;EE;2;47;27990,6210290954;2
26149;EE;2;51;27990,6210290954;2
22031;EE;2;53;27990,6210290954;2
27149;EE;2;63;27990,6210290954;2
23102;EE;2;68;27990,6210290954;2
21378;EE;2;72;27990,6210290954;2
11792;EE;3;17;27990,6210290954;2
12709;EE;3;35;27990,6210290954;2
11690;EE;3;37;27990,6210290954;2
17338;EE;3;44;27990,6210290954;2
27616;EE;3;51;27990,6210290954;2
19086;EE;3;52;27990,6210290954;2
21053;EE;3;57;27990,6210290954;2
14582;EE;3;59;27990,6210290954;2
19808;EE;3;60;27990,6210290954;2
20690;EE;3;61;27990,6210290954;2
11794;EE;3;63;27990,6210290954;2
20060;EE;3;66;27990,6210290954;2
16566;EE;3;69;27990,6210290954;2
18321;EE;3;69;27990,6210290954;2
21131;EE;3;90;27990,6210290954;2
26361;EE;4;55;27990,6210290954;2
14268;EE;4;85;27990,6210290954;2
19952;EE;4;88;27990,6210290954;2
27188;FI;1;16;53703,4525200273;1
12125;FI;1;19;53703,4525200273;1
21531;FI;1;20;53703,4525200273;1
19042;FI;1;36;53703,4525200273;1
11786;FI;1;37;53703,4525200273;1
24412;FI;1;42;53703,4525200273;1
15455;FI;1;86;53703,4525200273;1
22292;FI;2;33;53703,4525200273;1
27412;FI;2;33;53703,4525200273;1
15508;FI;2;40;53703,4525200273;1
20320;FI;2;43;53703,4525200273;1
15044;FI;2;45;53703,4525200273;1
10687;FI;2;52;53703,4525200273;1
22858;FI;2;62;53703,4525200273;1
20920;FI;2;72;53703,4525200273;1
18705;FI;2;74;53703,4525200273;1
12930;FI;3;53;53703,4525200273;1
22941;FI;3;64;53703,4525200273;1
12173;FI;3;70;53703,4525200273;1
27277;FI;3;80;53703,4525200273;1
19796;FI;3;81;53703,4525200273;1
16738;FI;3;82;53703,4525200273;1
20420;FI;3;82;53703,4525200273;1
26973;FI;3;83;53703,4525200273;1
14195;FI;4;47;53703,4525200273;1
27180;FI;5;60;53703,4525200273;1
27079;FI;1;36;53703,4525200273;2
26061;FI;1;39;53703,4525200273;2
22335;FI;1;46;53703,4525200273;2
10598;FI;2;38;53703,4525200273;2
20085;FI;2;38;53703,4525200273;2
23147;FI;2;39;53703,4525200273;2
26248;FI;2;39;53703,4525200273;2
18377;FI;2;42;53703,4525200273;2
12574;FI;2;50;53703,4525200273;2
14102;FI;2;51;53703,4525200273;2
15399;FI;2;56;53703,4525200273;2
25970;FI;2;61;53703,4525200273;2
24083;FI;2;63;53703,4525200273;2
25015;FI;2;65;53703,4525200273;2
26633;FI;2;71;53703,4525200273;2
19016;FI;3;48;53703,4525200273;2
12424;FI;3;56;53703,4525200273;2
26743;FI;3;66;53703,4525200273;2
14347;FI;3;75;53703,4525200273;2
25281;FI;3;76;53703,4525200273;2
24005;FI;3;78;53703,4525200273;2
14820;FI;3;80;53703,4525200273;2
24719;FI;3;90;53703,4525200273;2
24295;FR;1;25;44229,3937152728;1
24297;FR;1;29;44229,3937152728;1
11099;FR;1;32;44229,3937152728;1
25641;FR;1;32;44229,3937152728;1
15158;FR;1;39;44229,3937152728;1
19121;FR;1;42;44229,3937152728;1
21662;FR;1;63;44229,3937152728;1
13119;FR;1;67;44229,3937152728;1
16758;FR;2;17;44229,3937152728;1
13742;FR;2;23;44229,3937152728;1
19411;FR;2;30;44229,3937152728;1
24445;FR;2;31;44229,3937152728;1
13164;FR;2;50;44229,3937152728;1
16103;FR;2;58;44229,3937152728;1
12844;FR;2;63;44229,3937152728;1
11358;FR;2;67;44229,3937152728;1
21192;FR;2;68;44229,3937152728;1
20463;FR;2;77;44229,3937152728;1
10159;FR;2;84;44229,3937152728;1
27531;FR;2;84;44229,3937152728;1
24775;FR;2;85;44229,3937152728;1
10346;FR;3;31;44229,3937152728;1
16421;FR;3;37;44229,3937152728;1
17070;FR;3;49;44229,3937152728;1
26696;FR;3;53;44229,3937152728;1
10356;FR;3;59;44229,3937152728;1
24465;FR;3;60;44229,3937152728;1
12440;FR;3;85;44229,3937152728;1
12379;FR;4;43;44229,3937152728;1
23683;FR;1;17;44229,3937152728;2
11332;FR;1;20;44229,3937152728;2
16734;FR;1;26;44229,3937152728;2
16688;FR;1;27;44229,3937152728;2
16252;FR;1;29;44229,3937152728;2
19327;FR;1;30;44229,3937152728;2
17760;FR;1;36;44229,3937152728;2
22563;FR;1;41;44229,3937152728;2
14279;FR;1;43;44229,3937152728;2
21442;FR;1;82;44229,3937152728;2
15364;FR;2;34;44229,3937152728;2
17776;FR;2;38;44229,3937152728;2
26128;FR;2;38;44229,3937152728;2
12780;FR;2;42;44229,3937152728;2
15289;FR;2;54;44229,3937152728;2
11003;FR;2;55;44229,3937152728;2
19849;FR;2;57;44229,3937152728;2
16559;FR;2;62;44229,3937152728;2
25361;FR;2;63;44229,3937152728;2
20235;FR;2;73;44229,3937152728;2
11949;FR;2;80;44229,3937152728;2
17831;FR;2;84;44229,3937152728;2
16041;FR;2;88;44229,3937152728;2
23645;FR;3;28;44229,3937152728;2
12305;FR;3;30;44229,3937152728;2
18607;FR;3;40;44229,3937152728;2
19313;FR;3;40;44229,3937152728;2
19106;FR;3;51;44229,3937152728;2
25726;FR;3;60;44229,3937152728;2
27057;FR;3;61;44229,3937152728;2
15797;FR;3;64;44229,3937152728;2
22500;FR;3;66;44229,3937152728;2
26210;FR;3;76;44229,3937152728;2
25258;FR;4;84;44229,3937152728;2
25089;FR;4;85;44229,3937152728;2
19171;FR;5;45;44229,3937152728;2
71646;GB;1;21;46541,7569268803;1
57009;GB;1;49;46541,7569268803;1
91482;GB;1;53;46541,7569268803;1
58205;GB;1;61;46541,7569268803;1
64688;GB;1;69;46541,7569268803;1
69945;GB;1;81;46541,7569268803;1
85841;GB;2;40;46541,7569268803;1
64133;GB;2;64;46541,7569268803;1
58012;GB;2;66;46541,7569268803;1
63686;GB;2;70;46541,7569268803;1
64416;GB;2;70;46541,7569268803;1
63598;GB;2;73;46541,7569268803;1
52475;GB;2;75;46541,7569268803;1
70339;GB;2;75;46541,7569268803;1
55368;GB;3;81;46541,7569268803;1
77570;GB;3;82;46541,7569268803;1
50756;GB;3;85;46541,7569268803;1
52396;GB;4;39;46541,7569268803;1
54355;GB;4;82;46541,7569268803;1
84194;GB;1;24;46541,7569268803;2
79088;GB;1;28;46541,7569268803;2
72851;GB;1;31;46541,7569268803;2
68182;GB;1;33;46541,7569268803;2
92678;GB;1;42;46541,7569268803;2
57285;GB;1;59;46541,7569268803;2
74092;GB;1;59;46541,7569268803;2
91533;GB;1;70;46541,7569268803;2
71028;GB;2;25;46541,7569268803;2
67596;GB;2;28;46541,7569268803;2
91849;GB;2;35;46541,7569268803;2
57107;GB;2;38;46541,7569268803;2
59896;GB;2;43;46541,7569268803;2
90240;GB;2;43;46541,7569268803;2
53996;GB;2;44;46541,7569268803;2
59236;GB;2;45;46541,7569268803;2
87895;GB;2;55;46541,7569268803;2
84415;GB;2;60;46541,7569268803;2
81007;GB;2;62;46541,7569268803;2
82060;GB;2;64;46541,7569268803;2
64189;GB;2;67;46541,7569268803;2
59416;GB;2;72;46541,7569268803;2
68119;GB;3;32;46541,7569268803;2
56305;GB;3;34;46541,7569268803;2
62665;GB;3;39;46541,7569268803;2
12909;GR;1;22;20571,2179357684;1
13466;GR;1;23;20571,2179357684;1
19503;GR;1;23;20571,2179357684;1
17492;GR;1;26;20571,2179357684;1
23814;GR;1;28;20571,2179357684;1
19238;GR;1;33;20571,2179357684;1
17007;GR;1;40;20571,2179357684;1
19084;GR;1;43;20571,2179357684;1
14575;GR;1;52;20571,2179357684;1
25423;GR;1;53;20571,2179357684;1
14539;GR;1;63;20571,2179357684;1
16897;GR;1;67;20571,2179357684;1
20637;GR;2;41;20571,2179357684;1
21021;GR;2;43;20571,2179357684;1
19138;GR;2;46;20571,2179357684;1
24791;GR;2;51;20571,2179357684;1
25295;GR;2;53;20571,2179357684;1
10427;GR;2;58;20571,2179357684;1
26704;GR;2;58;20571,2179357684;1
19524;GR;2;61;20571,2179357684;1
27266;GR;2;61;20571,2179357684;1
14126;GR;2;63;20571,2179357684;1
20342;GR;2;63;20571,2179357684;1
23774;GR;2;64;20571,2179357684;1
11120;GR;2;67;20571,2179357684;1
17635;GR;2;69;20571,2179357684;1
10998;GR;2;70;20571,2179357684;1
10039;GR;2;73;20571,2179357684;1
23277;GR;2;74;20571,2179357684;1
17313;GR;3;55;20571,2179357684;1
21946;GR;3;62;20571,2179357684;1
23648;GR;3;62;20571,2179357684;1
26996;GR;3;62;20571,2179357684;1
11495;GR;3;69;20571,2179357684;1
13381;GR;3;72;20571,2179357684;1
24080;GR;3;80;20571,2179357684;1
19662;GR;4;71;20571,2179357684;1
11119;GR;4;73;20571,2179357684;1
16141;GR;1;21;20571,2179357684;2
21369;GR;1;21;20571,2179357684;2
24997;GR;1;22;20571,2179357684;2
26657;GR;1;23;20571,2179357684;2
16539;GR;1;27;20571,2179357684;2
24348;GR;1;31;20571,2179357684;2
18674;GR;1;32;20571,2179357684;2
14967;GR;1;33;20571,2179357684;2
19986;GR;1;37;20571,2179357684;2
19866;GR;1;40;20571,2179357684;2
20661;GR;1;46;20571,2179357684;2
14729;GR;1;52;20571,2179357684;2
22072;GR;1;52;20571,2179357684;2
10130;GR;1;53;20571,2179357684;2
18286;GR;1;53;20571,2179357684;2
17244;GR;1;65;20571,2179357684;2
13408;GR;1;70;20571,2179357684;2
21619;GR;2;41;20571,2179357684;2
10795;GR;2;49;20571,2179357684;2
23730;GR;2;51;20571,2179357684;2
15977;GR;2;54;20571,2179357684;2
19366;GR;2;55;20571,2179357684;2
23484;GR;2;55;20571,2179357684;2
17161;GR;2;56;20571,2179357684;2
16966;GR;2;61;20571,2179357684;2
20874;GR;2;62;20571,2179357684;2
27770;GR;2;70;20571,2179357684;2
13502;GR;2;71;20571,2179357684;2
15545;GR;3;36;20571,2179357684;2
21218;GR;3;54;20571,2179357684;2
15196;GR;3;56;20571,2179357684;2
11106;GR;3;57;20571,2179357684;2
25789;GR;3;59;20571,2179357684;2
12256;GR;3;67;20571,2179357684;2
13992;GR;3;72;20571,2179357684;2
23754;GR;3;78;20571,2179357684;2
27915;GR;3;79;20571,2179357684;2
21943;GR;3;80;20571,2179357684;2
18226;GR;3;81;20571,2179357684;2
11974;GR;4;79;20571,2179357684;2
22973;GR;4;85;20571,2179357684;2
26956;HR;1;16;16983,4473172554;1
21195;HR;1;17;16983,4473172554;1
19406;HR;1;20;16983,4473172554;1
17750;HR;1;25;16983,4473172554;1
23694;HR;1;40;16983,4473172554;1
12540;HR;1;50;16983,4473172554;1
14745;HR;1;84;16983,4473172554;1
18818;HR;2;16;16983,4473172554;1
11982;HR;2;20;16983,4473172554;1
15031;HR;2;41;16983,4473172554;1
15914;HR;2;41;16983,4473172554;1
16943;HR;2;54;16983,4473172554;1
17962;HR;2;58;16983,4473172554;1
12874;HR;2;61;16983,4473172554;1
10706;HR;2;72;16983,4473172554;1
24790;HR;2;89;16983,4473172554;1
11633;HR;3;38;16983,4473172554;1
17541;HR;3;38;16983,4473172554;1
19726;HR;3;43;16983,4473172554;1
11751;HR;3;44;16983,4473172554;1
10145;HR;3;60;16983,4473172554;1
14051;HR;3;60;16983,4473172554;1
23531;HR;3;60;16983,4473172554;1
25940;HR;3;61;16983,4473172554;1
22957;HR;4;45;16983,4473172554;1
24977;HR;4;67;16983,4473172554;1
19839;HR;5;76;16983,4473172554;1
17533;HR;1;24;16983,4473172554;2
20152;HR;1;24;16983,4473172554;2
26216;HR;1;32;16983,4473172554;2
20229;HR;1;36;16983,4473172554;2
26340;HR;1;38;16983,4473172554;2
15408;HR;1;47;16983,4473172554;2
25746;HR;1;48;16983,4473172554;2
12010;HR;1;55;16983,4473172554;2
23445;HR;1;57;16983,4473172554;2
21579;HR;1;74;16983,4473172554;2
15566;HR;2;22;16983,4473172554;2
15603;HR;2;42;16983,4473172554;2
16931;HR;2;51;16983,4473172554;2
17635;HR;2;54;16983,4473172554;2
23194;HR;2;60;16983,4473172554;2
20486;HR;2;67;16983,4473172554;2
19555;HR;2;74;16983,4473172554;2
10089;HR;3;54;16983,4473172554;2
12333;HR;3;70;16983,4473172554;2
17107;HR;3;83;16983,4473172554;2
14957;HR;4;69;16983,4473172554;2
23433;HR;4;74;16983,4473172554;2
22044;HR;4;78;16983,4473172554;2
26647;HR;4;88;16983,4473172554;2
26427;HR;5;57;16983,4473172554;2
16387;HR;5;82;16983,4473172554;2
23758;HU;1;16;18728,3244176432;1
10586;HU;1;26;18728,3244176432;1
22811;HU;1;26;18728,3244176432;1
22581;HU;1;46;18728,3244176432;1
21746;HU;1;50;18728,3244176432;1
24977;HU;2;21;18728,3244176432;1
15245;HU;2;37;18728,3244176432;1
23306;HU;2;43;18728,3244176432;1
26258;HU;2;44;18728,3244176432;1
11298;HU;2;47;18728,3244176432;1
17854;HU;2;47;18728,3244176432;1
21584;HU;2;48;18728,3244176432;1
16301;HU;2;57;18728,3244176432;1
11760;HU;2;59;18728,3244176432;1
10368;HU;2;61;18728,3244176432;1
18687;HU;2;61;18728,3244176432;1
19251;HU;2;65;18728,3244176432;1
13522;HU;2;69;18728,3244176432;1
11034;HU;2;82;18728,3244176432;1
16772;HU;3;42;18728,3244176432;1
13476;HU;3;48;18728,3244176432;1
17335;HU;3;48;18728,3244176432;1
21819;HU;3;56;18728,3244176432;1
25798;HU;3;59;18728,3244176432;1
27807;HU;3;66;18728,3244176432;1
15351;HU;3;70;18728,3244176432;1
17209;HU;3;72;18728,3244176432;1
20940;HU;3;83;18728,3244176432;1
10733;HU;4;35;18728,3244176432;1
26116;HU;4;68;18728,3244176432;1
23573;HU;1;15;18728,3244176432;2
16568;HU;1;16;18728,3244176432;2
19896;HU;1;18;18728,3244176432;2
20828;HU;1;21;18728,3244176432;2
15261;HU;1;23;18728,3244176432;2
14188;HU;1;27;18728,3244176432;2
12123;HU;1;31;18728,3244176432;2
14063;HU;1;31;18728,3244176432;2
12965;HU;1;34;18728,3244176432;2
13676;HU;1;34;18728,3244176432;2
16750;HU;1;37;18728,3244176432;2
14803;HU;1;41;18728,3244176432;2
23003;HU;1;46;18728,3244176432;2
11740;HU;1;49;18728,3244176432;2
23387;HU;1;51;18728,3244176432;2
13711;HU;2;46;18728,3244176432;2
14297;HU;2;46;18728,3244176432;2
18036;HU;2;47;18728,3244176432;2
18705;HU;2;55;18728,3244176432;2
16068;HU;2;61;18728,3244176432;2
26963;HU;2;62;18728,3244176432;2
14517;HU;2;66;18728,3244176432;2
16067;HU;2;77;18728,3244176432;2
14780;HU;3;53;18728,3244176432;2
14078;HU;3;55;18728,3244176432;2
22979;HU;3;58;18728,3244176432;2
16653;HU;3;63;18728,3244176432;2
10516;HU;3;64;18728,3244176432;2
24843;HU;3;65;18728,3244176432;2
12604;HU;3;71;18728,3244176432;2
12020;HU;3;72;18728,3244176432;2
15959;HU;3;77;18728,3244176432;2
12335;HU;3;78;18728,3244176432;2
18749;HU;4;60;18728,3244176432;2
27352;HU;4;62;18728,3244176432;2
17847;HU;4;72;18728,3244176432;2
14625;HU;4;79;18728,3244176432;2
58068;IE;1;33;101108,989159094;1
64804;IE;1;38;101108,989159094;1
75431;IE;1;39;101108,989159094;1
85900;IE;1;39;101108,989159094;1
66394;IE;1;48;101108,989159094;1
55690;IE;1;55;101108,989159094;1
89471;IE;1;67;101108,989159094;1
81477;IE;1;73;101108,989159094;1
82311;IE;1;90;101108,989159094;1
65084;IE;2;26;101108,989159094;1
83133;IE;2;37;101108,989159094;1
83471;IE;2;41;101108,989159094;1
75713;IE;2;43;101108,989159094;1
60754;IE;2;49;101108,989159094;1
92000;IE;2;51;101108,989159094;1
71332;IE;2;59;101108,989159094;1
57013;IE;2;66;101108,989159094;1
89664;IE;2;78;101108,989159094;1
68918;IE;3;48;101108,989159094;1
50142;IE;3;61;101108,989159094;1
76636;IE;3;73;101108,989159094;1
81415;IE;3;79;101108,989159094;1
85363;IE;3;85;101108,989159094;1
70409;IE;3;87;101108,989159094;1
68022;IE;4;53;101108,989159094;1
85812;IE;4;90;101108,989159094;1
76971;IE;1;29;101108,989159094;2
55471;IE;1;39;101108,989159094;2
82405;IE;1;43;101108,989159094;2
90499;IE;1;68;101108,989159094;2
89532;IE;1;69;101108,989159094;2
77372;IE;1;75;101108,989159094;2
59828;IE;2;32;101108,989159094;2
80195;IE;2;38;101108,989159094;2
78998;IE;2;40;101108,989159094;2
75805;IE;2;45;101108,989159094;2
54767;IE;2;64;101108,989159094;2
68672;IE;2;68;101108,989159094;2
57642;IE;2;69;101108,989159094;2
81113;IE;2;69;101108,989159094;2
70979;IE;2;71;101108,989159094;2
55484;IE;2;72;101108,989159094;2
83400;IE;2;72;101108,989159094;2
85017;IE;3;28;101108,989159094;2
81463;IE;3;35;101108,989159094;2
56622;IE;3;36;101108,989159094;2
57165;IE;3;51;101108,989159094;2
87202;IE;3;75;101108,989159094;2
80007;IE;4;54;101108,989159094;2
53837;IE;4;56;101108,989159094;2
13967;IS;1;20;69133,1340822158;1
21531;IS;1;33;69133,1340822158;1
18136;IS;1;44;69133,1340822158;1
11597;IS;1;55;69133,1340822158;1
19251;IS;2;45;69133,1340822158;1
17867;IS;2;59;69133,1340822158;1
22693;IS;2;73;69133,1340822158;1
24615;IS;2;73;69133,1340822158;1
10579;IS;3;53;69133,1340822158;1
15115;IS;3;55;69133,1340822158;1
21575;IS;5;63;69133,1340822158;1
17455;IS;5;67;69133,1340822158;1
13582;IS;5;79;69133,1340822158;1
12571;IS;1;22;69133,1340822158;2
23639;IS;1;30;69133,1340822158;2
18500;IS;1;38;69133,1340822158;2
14408;IS;1;42;69133,1340822158;2
15539;IS;1;61;69133,1340822158;2
19057;IS;1;65;69133,1340822158;2
17964;IS;1;67;69133,1340822158;2
17661;IS;2;17;69133,1340822158;2
17258;IS;2;34;69133,1340822158;2
11873;IS;2;49;69133,1340822158;2
18402;IS;2;51;69133,1340822158;2
16717;IS;2;66;69133,1340822158;2
17647;IS;2;86;69133,1340822158;2
13215;IS;3;16;69133,1340822158;2
27051;IS;3;17;69133,1340822158;2
26630;IS;3;28;69133,1340822158;2
22810;IS;3;50;69133,1340822158;2
23575;IS;3;63;69133,1340822158;2
22127;IS;4;58;69133,1340822158;2
13012;IS;4;63;69133,1340822158;2
50843;IT;1;17;35578,8510673149;1
10304;IT;1;21;35578,8510673149;1
12517;IT;1;23;35578,8510673149;1
10615;IT;1;25;35578,8510673149;1
24797;IT;1;26;35578,8510673149;1
21950;IT;1;28;35578,8510673149;1
11739;IT;1;29;35578,8510673149;1
12794;IT;1;43;35578,8510673149;1
15227;IT;1;44;35578,8510673149;1
23794;IT;1;44;35578,8510673149;1
18278;IT;1;45;35578,8510673149;1
10660;IT;1;54;35578,8510673149;1
25232;IT;2;19;35578,8510673149;1
22526;IT;2;30;35578,8510673149;1
27573;IT;2;34;35578,8510673149;1
13373;IT;2;44;35578,8510673149;1
10478;IT;2;48;35578,8510673149;1
25414;IT;2;48;35578,8510673149;1
21586;IT;2;51;35578,8510673149;1
18063;IT;2;60;35578,8510673149;1
21191;IT;2;61;35578,8510673149;1
25497;IT;2;63;35578,8510673149;1
24572;IT;2;65;35578,8510673149;1
14855;IT;2;66;35578,8510673149;1
13217;IT;2;69;35578,8510673149;1
11260;IT;2;70;35578,8510673149;1
18232;IT;2;71;35578,8510673149;1
20181;IT;2;71;35578,8510673149;1
25387;IT;2;74;35578,8510673149;1
23155;IT;2;77;35578,8510673149;1
19433;IT;2;85;35578,8510673149;1
21359;IT;3;52;35578,8510673149;1
23650;IT;3;53;35578,8510673149;1
14854;IT;3;71;35578,8510673149;1
23526;IT;3;77;35578,8510673149;1
16209;IT;1;21;35578,8510673149;2
23660;IT;1;22;35578,8510673149;2
74918;IT;1;22;35578,8510673149;2
16902;IT;1;26;35578,8510673149;2
26116;IT;1;29;35578,8510673149;2
23091;IT;1;31;35578,8510673149;2
27185;IT;1;36;35578,8510673149;2
26735;IT;1;46;35578,8510673149;2
10596;IT;1;53;35578,8510673149;2
17270;IT;1;60;35578,8510673149;2
14748;IT;1;62;35578,8510673149;2
26468;IT;1;78;35578,8510673149;2
24875;IT;2;19;35578,8510673149;2
22658;IT;2;26;35578,8510673149;2
22966;IT;2;26;35578,8510673149;2
20529;IT;2;40;35578,8510673149;2
12626;IT;2;43;35578,8510673149;2
23718;IT;2;47;35578,8510673149;2
24351;IT;2;50;35578,8510673149;2
19068;IT;2;58;35578,8510673149;2
21492;IT;2;58;35578,8510673149;2
15927;IT;2;60;35578,8510673149;2
22803;IT;2;61;35578,8510673149;2
23538;IT;2;61;35578,8510673149;2
17738;IT;2;64;35578,8510673149;2
24997;IT;2;64;35578,8510673149;2
18694;IT;2;66;35578,8510673149;2
17027;IT;2;67;35578,8510673149;2
27446;IT;2;67;35578,8510673149;2
15163;IT;2;68;35578,8510673149;2
13168;IT;2;71;35578,8510673149;2
22794;IT;2;73;35578,8510673149;2
14169;IT;2;76;35578,8510673149;2
21368;IT;3;24;35578,8510673149;2
21012;IT;3;45;35578,8510673149;2
22604;IT;3;50;35578,8510673149;2
12596;IT;3;55;35578,8510673149;2
12914;IT;3;63;35578,8510673149;2
20771;IT;3;63;35578,8510673149;2
13923;IT;3;67;35578,8510673149;2
16382;IT;3;77;35578,8510673149;2
11825;IT;3;79;35578,8510673149;2
27410;IT;3;79;35578,8510673149;2
13816;IT;3;86;35578,8510673149;2
15657;IT;4;67;35578,8510673149;2
17316;IT;4;81;35578,8510673149;2
12301;IT;4;88;35578,8510673149;2
16436;LT;1;18;23844,1256495224;1
11691;LT;1;19;23844,1256495224;1
17362;LT;2;17;23844,1256495224;1
13047;LT;2;21;23844,1256495224;1
19796;LT;2;31;23844,1256495224;1
13177;LT;2;35;23844,1256495224;1
21000;LT;2;36;23844,1256495224;1
23778;LT;2;43;23844,1256495224;1
11872;LT;2;50;23844,1256495224;1
16896;LT;2;61;23844,1256495224;1
25018;LT;2;67;23844,1256495224;1
11868;LT;3;37;23844,1256495224;1
11039;LT;3;51;23844,1256495224;1
21046;LT;3;52;23844,1256495224;1
27038;LT;3;52;23844,1256495224;1
23811;LT;3;66;23844,1256495224;1
27931;LT;4;51;23844,1256495224;1
13886;LT;4;71;23844,1256495224;1
19627;LT;1;22;23844,1256495224;2
21535;LT;1;24;23844,1256495224;2
24891;LT;1;30;23844,1256495224;2
12017;LT;1;43;23844,1256495224;2
25978;LT;2;20;23844,1256495224;2
11495;LT;2;32;23844,1256495224;2
17117;LT;2;33;23844,1256495224;2
18004;LT;2;37;23844,1256495224;2
15653;LT;2;42;23844,1256495224;2
24642;LT;2;46;23844,1256495224;2
22062;LT;2;47;23844,1256495224;2
16684;LT;2;48;23844,1256495224;2
13216;LT;2;49;23844,1256495224;2
20090;LT;2;53;23844,1256495224;2
12643;LT;2;57;23844,1256495224;2
12633;LT;2;62;23844,1256495224;2
20320;LT;2;64;23844,1256495224;2
20193;LT;3;19;23844,1256495224;2
11292;LT;3;49;23844,1256495224;2
11597;LT;3;49;23844,1256495224;2
15403;LT;3;49;23844,1256495224;2
25780;LT;3;50;23844,1256495224;2
24977;LT;3;51;23844,1256495224;2
21201;LT;3;58;23844,1256495224;2
27086;LT;3;59;23844,1256495224;2
10985;LT;3;60;23844,1256495224;2
26963;LT;3;61;23844,1256495224;2
11493;LT;3;64;23844,1256495224;2
10304;LT;3;68;23844,1256495224;2
10799;LT;3;71;23844,1256495224;2
17738;LT;3;71;23844,1256495224;2
10024;LT;3;74;23844,1256495224;2
13223;LT;3;75;23844,1256495224;2
18707;LT;3;78;23844,1256495224;2
25908;LT;3;90;23844,1256495224;2
15430;LT;4;61;23844,1256495224;2
27050;LT;4;73;23844,1256495224;2
26015;LT;4;74;23844,1256495224;2
22123;LT;4;75;23844,1256495224;2
51910;ME;1;25;9252,31191553621;1
59051;ME;1;27;9252,31191553621;1
75870;ME;1;28;9252,31191553621;1
63786;ME;1;32;9252,31191553621;1
77036;ME;1;32;9252,31191553621;1
58208;ME;1;38;9252,31191553621;1
20875;ME;1;49;9252,31191553621;1
67963;ME;1;52;9252,31191553621;1
22880;ME;2;19;9252,31191553621;1
75218;ME;2;55;9252,31191553621;1
71859;ME;2;59;9252,31191553621;1
53888;ME;2;61;9252,31191553621;1
71113;ME;3;65;9252,31191553621;1
59125;ME;3;79;9252,31191553621;1
71614;ME;4;31;9252,31191553621;1
12599;ME;4;57;9252,31191553621;1
52704;ME;4;75;9252,31191553621;1
72957;ME;4;86;9252,31191553621;1
60762;ME;1;20;9252,31191553621;2
65196;ME;1;52;9252,31191553621;2
71536;ME;2;25;9252,31191553621;2
56898;ME;2;26;9252,31191553621;2
52363;ME;2;44;9252,31191553621;2
80779;ME;2;52;9252,31191553621;2
56778;ME;2;57;9252,31191553621;2
51186;ME;2;62;9252,31191553621;2
63802;ME;3;59;9252,31191553621;2
69350;ME;3;61;9252,31191553621;2
55795;ME;3;64;9252,31191553621;2
79903;ME;4;87;9252,31191553621;2
25654;MK;1;30;6599,61934040765;1
24863;MK;1;33;6599,61934040765;1
11570;MK;1;46;6599,61934040765;1
15979;MK;1;46;6599,61934040765;1
19366;MK;1;70;6599,61934040765;1
17388;MK;2;26;6599,61934040765;1
27613;MK;2;26;6599,61934040765;1
22636;MK;2;29;6599,61934040765;1
13757;MK;2;32;6599,61934040765;1
20257;MK;2;36;6599,61934040765;1
14737;MK;2;52;6599,61934040765;1
19380;MK;2;53;6599,61934040765;1
15525;MK;2;62;6599,61934040765;1
10369;MK;2;64;6599,61934040765;1
17486;MK;2;67;6599,61934040765;1
17484;MK;2;69;6599,61934040765;1
26693;MK;3;30;6599,61934040765;1
26616;MK;3;55;6599,61934040765;1
19238;MK;3;60;6599,61934040765;1
23103;MK;3;60;6599,61934040765;1
21949;MK;3;63;6599,61934040765;1
26204;MK;3;68;6599,61934040765;1
15818;MK;1;16;6599,61934040765;2
22820;MK;1;23;6599,61934040765;2
14090;MK;1;27;6599,61934040765;2
18900;MK;1;32;6599,61934040765;2
14536;MK;1;42;6599,61934040765;2
13193;MK;1;49;6599,61934040765;2
23482;MK;2;28;6599,61934040765;2
18730;MK;2;46;6599,61934040765;2
12333;MK;2;49;6599,61934040765;2
14824;MK;2;56;6599,61934040765;2
22415;MK;2;56;6599,61934040765;2
16011;MK;3;22;6599,61934040765;2
20098;MK;3;49;6599,61934040765;2
25202;MK;3;56;6599,61934040765;2
12589;MK;3;59;6599,61934040765;2
21772;MK;3;67;6599,61934040765;2
15705;MK;4;43;6599,61934040765;2
13737;MK;4;58;6599,61934040765;2
19796;MK;4;61;6599,61934040765;2
21742;MK;4;68;6599,61934040765;2
14123;MK;4;70;6599,61934040765;2
20792;MK;4;70;6599,61934040765;2
14738;MK;4;72;6599,61934040765;2
16720;MK;4;83;6599,61934040765;2
52791;NL;1;18;57871,3492096268;1
73637;NL;1;25;57871,3492096268;1
60370;NL;1;35;57871,3492096268;1
67836;NL;1;49;57871,3492096268;1
77955;NL;1;55;57871,3492096268;1
67891;NL;2;17;57871,3492096268;1
70930;NL;2;21;57871,3492096268;1
79307;NL;2;21;57871,3492096268;1
71206;NL;2;24;57871,3492096268;1
60299;NL;2;29;57871,3492096268;1
59914;NL;2;31;57871,3492096268;1
65038;NL;2;34;57871,3492096268;1
79148;NL;2;36;57871,3492096268;1
59099;NL;2;49;57871,3492096268;1
72176;NL;2;55;57871,3492096268;1
69573;NL;2;59;57871,3492096268;1
78128;NL;2;63;57871,3492096268;1
76738;NL;2;67;57871,3492096268;1
57817;NL;2;70;57871,3492096268;1
54433;NL;2;71;57871,3492096268;1
77159;NL;2;74;57871,3492096268;1
73492;NL;2;76;57871,3492096268;1
77127;NL;3;30;57871,3492096268;1
50005;NL;3;54;57871,3492096268;1
73854;NL;3;76;57871,3492096268;1
60554;NL;3;79;57871,3492096268;1
77417;NL;5;49;57871,3492096268;1
75405;NL;1;19;57871,3492096268;2
57199;NL;1;39;57871,3492096268;2
55136;NL;1;45;57871,3492096268;2
57680;NL;1;48;57871,3492096268;2
64178;NL;1;53;57871,3492096268;2
56186;NL;2;19;57871,3492096268;2
75297;NL;2;19;57871,3492096268;2
50449;NL;2;31;57871,3492096268;2
70470;NL;2;35;57871,3492096268;2
52800;NL;2;49;57871,3492096268;2
60317;NL;2;51;57871,3492096268;2
61556;NL;2;52;57871,3492096268;2
80923;NL;2;59;57871,3492096268;2
76932;NL;2;64;57871,3492096268;2
74894;NL;2;70;57871,3492096268;2
70700;NL;2;71;57871,3492096268;2
70245;NL;3;36;57871,3492096268;2
67904;NL;3;39;57871,3492096268;2
71183;NL;3;43;57871,3492096268;2
52330;NL;3;46;57871,3492096268;2
63966;NL;3;54;57871,3492096268;2
61031;NL;3;55;57871,3492096268;2
56383;NL;3;61;57871,3492096268;2
77107;NL;3;71;57871,3492096268;2
78065;NL;4;63;57871,3492096268;2
54152;NO;1;41;89241,7139378055;1
66525;NO;1;45;89241,7139378055;1
51557;NO;1;53;89241,7139378055;1
76220;NO;1;54;89241,7139378055;1
67580;NO;1;58;89241,7139378055;1
73785;NO;1;59;89241,7139378055;1
70785;NO;2;22;89241,7139378055;1
60126;NO;2;25;89241,7139378055;1
62297;NO;2;44;89241,7139378055;1
62329;NO;2;44;89241,7139378055;1
79885;NO;2;46;89241,7139378055;1
77585;NO;2;55;89241,7139378055;1
51531;NO;2;56;89241,7139378055;1
54965;NO;2;73;89241,7139378055;1
79957;NO;3;17;89241,7139378055;1
74615;NO;3;19;89241,7139378055;1
69490;NO;3;30;89241,7139378055;1
57834;NO;3;47;89241,7139378055;1
68928;NO;3;69;89241,7139378055;1
53884;NO;4;50;89241,7139378055;1
51655;NO;4;58;89241,7139378055;1
77812;NO;1;22;89241,7139378055;2
76795;NO;1;25;89241,7139378055;2
52143;NO;1;28;89241,7139378055;2
64402;NO;1;36;89241,7139378055;2
59478;NO;1;52;89241,7139378055;2
51981;NO;1;54;89241,7139378055;2
59213;NO;1;55;89241,7139378055;2
58760;NO;1;57;89241,7139378055;2
67074;NO;1;58;89241,7139378055;2
80192;NO;1;62;89241,7139378055;2
51797;NO;2;39;89241,7139378055;2
56843;NO;2;39;89241,7139378055;2
79267;NO;2;49;89241,7139378055;2
73427;NO;2;54;89241,7139378055;2
78817;NO;2;54;89241,7139378055;2
71610;NO;2;57;89241,7139378055;2
80516;NO;2;63;89241,7139378055;2
62309;NO;2;67;89241,7139378055;2
50733;NO;2;71;89241,7139378055;2
53520;NO;3;31;89241,7139378055;2
54177;NO;3;49;89241,7139378055;2
73830;NO;3;68;89241,7139378055;2
57103;NO;3;76;89241,7139378055;2
70634;NO;4;53;89241,7139378055;2
62353;NO;5;29;89241,7139378055;2
71809;NO;5;53;89241,7139378055;2
75621;PT;1;30;24651,1764348733;1
52374;PT;1;37;24651,1764348733;1
51698;PT;2;32;24651,1764348733;1
65299;PT;2;36;24651,1764348733;1
54446;PT;2;40;24651,1764348733;1
63798;PT;2;44;24651,1764348733;1
58422;PT;2;53;24651,1764348733;1
54623;PT;2;54;24651,1764348733;1
73468;PT;2;55;24651,1764348733;1
57049;PT;2;56;24651,1764348733;1
50925;PT;2;72;24651,1764348733;1
54828;PT;3;61;24651,1764348733;1
55065;PT;3;66;24651,1764348733;1
79719;PT;3;68;24651,1764348733;1
52531;PT;3;69;24651,1764348733;1
73186;PT;3;79;24651,1764348733;1
56061;PT;3;83;24651,1764348733;1
72555;PT;4;61;24651,1764348733;1
65829;PT;4;74;24651,1764348733;1
61716;PT;1;47;24651,1764348733;2
51928;PT;1;62;24651,1764348733;2
60625;PT;2;33;24651,1764348733;2
79318;PT;2;36;24651,1764348733;2
63110;PT;2;37;24651,1764348733;2
78307;PT;2;39;24651,1764348733;2
57509;PT;2;40;24651,1764348733;2
51770;PT;2;50;24651,1764348733;2
59257;PT;2;53;24651,1764348733;2
65789;PT;2;53;24651,1764348733;2
68839;PT;2;53;24651,1764348733;2
50020;PT;2;68;24651,1764348733;2
73715;PT;2;71;24651,1764348733;2
78286;PT;3;17;24651,1764348733;2
52114;PT;3;35;24651,1764348733;2
63719;PT;3;39;24651,1764348733;2
79297;PT;3;45;24651,1764348733;2
78654;PT;3;48;24651,1764348733;2
55564;PT;3;50;24651,1764348733;2
75567;PT;3;51;24651,1764348733;2
76762;PT;3;52;24651,1764348733;2
56988;PT;3;58;24651,1764348733;2
77311;PT;3;59;24651,1764348733;2
58057;PT;3;64;24651,1764348733;2
63927;PT;3;64;24651,1764348733;2
75233;PT;3;64;24651,1764348733;2
64030;PT;3;66;24651,1764348733;2
65677;PT;3;70;24651,1764348733;2
74762;PT;3;74;24651,1764348733;2
53310;PT;3;77;24651,1764348733;2
55330;PT;4;17;24651,1764348733;2
71226;PT;4;64;24651,1764348733;2
64915;PT;4;69;24651,1764348733;2
57023;PT;4;83;24651,1764348733;2
66709;PT;4;85;24651,1764348733;2
27895;SI;1;20;29134,8000315499;1
10038;SI;1;26;29134,8000315499;1
15227;SI;1;32;29134,8000315499;1
12462;SI;1;39;29134,8000315499;1
27270;SI;1;47;29134,8000315499;1
24746;SI;1;51;29134,8000315499;1
14775;SI;1;52;29134,8000315499;1
21120;SI;1;64;29134,8000315499;1
14883;SI;2;35;29134,8000315499;1
20786;SI;2;42;29134,8000315499;1
21676;SI;2;50;29134,8000315499;1
10318;SI;2;60;29134,8000315499;1
22683;SI;2;61;29134,8000315499;1
15060;SI;2;62;29134,8000315499;1
27634;SI;2;63;29134,8000315499;1
16931;SI;3;55;29134,8000315499;1
14369;SI;3;71;29134,8000315499;1
25820;SI;1;18;29134,8000315499;2
22096;SI;1;29;29134,8000315499;2
15814;SI;1;35;29134,8000315499;2
24055;SI;1;39;29134,8000315499;2
22566;SI;2;21;29134,8000315499;2
23575;SI;2;22;29134,8000315499;2
26056;SI;2;25;29134,8000315499;2
23687;SI;2;30;29134,8000315499;2
21318;SI;2;32;29134,8000315499;2
25326;SI;2;32;29134,8000315499;2
12863;SI;2;54;29134,8000315499;2
25232;SI;2;58;29134,8000315499;2
20667;SI;2;59;29134,8000315499;2
16516;SI;2;72;29134,8000315499;2
14387;SI;2;73;29134,8000315499;2
25705;SI;2;83;29134,8000315499;2
16539;SI;3;47;29134,8000315499;2
15144;SI;3;49;29134,8000315499;2
23657;SI;3;50;29134,8000315499;2
17092;SI;3;72;29134,8000315499;2
15688;SI;4;61;29134,8000315499;2
20219;SK;1;27;21390,4527696121;1
23476;SK;1;35;21390,4527696121;1
16843;SK;1;42;21390,4527696121;1
20376;SK;1;45;21390,4527696121;1
27376;SK;2;24;21390,4527696121;1
15065;SK;2;34;21390,4527696121;1
12728;SK;2;35;21390,4527696121;1
22727;SK;2;46;21390,4527696121;1
13520;SK;2;51;21390,4527696121;1
20057;SK;2;55;21390,4527696121;1
18503;SK;2;68;21390,4527696121;1
15852;SK;3;46;21390,4527696121;1
17116;SK;3;60;21390,4527696121;1
23975;SK;3;63;21390,4527696121;1
25432;SK;3;63;21390,4527696121;1
17018;SK;3;71;21390,4527696121;1
19410;SK;3;73;21390,4527696121;1
14265;SK;3;81;21390,4527696121;1
21457;SK;1;28;21390,4527696121;2
14687;SK;1;33;21390,4527696121;2
11555;SK;1;49;21390,4527696121;2
19857;SK;2;26;21390,4527696121;2
14693;SK;2;37;21390,4527696121;2
19931;SK;2;37;21390,4527696121;2
14307;SK;2;38;21390,4527696121;2
20718;SK;2;38;21390,4527696121;2
24112;SK;2;42;21390,4527696121;2
13060;SK;2;45;21390,4527696121;2
15847;SK;2;48;21390,4527696121;2
10551;SK;2;56;21390,4527696121;2
18169;SK;2;69;21390,4527696121;2
23646;SK;3;41;21390,4527696121;2
24521;SK;3;46;21390,4527696121;2
20805;SK;3;50;21390,4527696121;2
24339;SK;3;64;21390,4527696121;2
27096;SK;3;69;21390,4527696121;2
13934;SK;4;44;21390,4527696121;2
